create database Motor_vehicle_insurance_management_system;

use Motor_vehicle_insurance_management_system;

CREATE TABLE customer (
    customer_id INT AUTO_INCREMENT PRIMARY KEY,
    first_name VARCHAR(50) NOT NULL,
    last_name VARCHAR(50) NOT NULL,
    gender ENUM('Male','Female','Other'),
    phone VARCHAR(15) UNIQUE,
    email VARCHAR(100) UNIQUE,
    address VARCHAR(255),
    license_number VARCHAR(30) UNIQUE NOT NULL
);

CREATE TABLE vehicle (
    vehicle_id INT AUTO_INCREMENT PRIMARY KEY,
    customer_id INT NOT NULL,
    vehicle_number VARCHAR(20) UNIQUE NOT NULL,
    vehicle_type VARCHAR(30),
    brand VARCHAR(50),
    model VARCHAR(50),
    manufacture_year YEAR,
    chassis_number VARCHAR(50) UNIQUE,
    engine_number VARCHAR(50) UNIQUE,

    FOREIGN KEY (customer_id)
    REFERENCES customer(customer_id)
    ON DELETE CASCADE
);

CREATE TABLE insurance_policy (
    policy_id INT AUTO_INCREMENT PRIMARY KEY,
    vehicle_id INT NOT NULL,
    policy_number VARCHAR(30) UNIQUE NOT NULL,
    policy_type VARCHAR(50),
    start_date DATE,
    end_date DATE,
    premium_amount DECIMAL(10,2),
    coverage_amount DECIMAL(12,2),
    status ENUM('Active','Expired','Cancelled'),

    FOREIGN KEY (vehicle_id)
    REFERENCES vehicle(vehicle_id)
    ON DELETE CASCADE
);

CREATE TABLE payment (
    payment_id INT AUTO_INCREMENT PRIMARY KEY,
    policy_id INT NOT NULL,
    payment_date DATE,
    amount DECIMAL(10,2),
    payment_method ENUM('Cash','UPI','Credit Card','Debit Card','Net Banking'),
    payment_status ENUM('Paid','Pending','Failed'),

    FOREIGN KEY (policy_id)
    REFERENCES insurance_policy(policy_id)
    ON DELETE CASCADE
);

CREATE TABLE claim_details (
    claim_id INT AUTO_INCREMENT PRIMARY KEY,
    policy_id INT NOT NULL,
    claim_date DATE,
    claim_amount DECIMAL(10,2),
    claim_status ENUM('Pending','Approved','Rejected'),
    description TEXT,

    FOREIGN KEY (policy_id)
    REFERENCES insurance_policy(policy_id)
    ON DELETE CASCADE
);

CREATE TABLE agent (
    agent_id INT AUTO_INCREMENT PRIMARY KEY,
    agent_name VARCHAR(100) NOT NULL,
    phone VARCHAR(15) UNIQUE,
    email VARCHAR(100) UNIQUE,
    branch VARCHAR(100)
);

INSERT INTO customer
(first_name, last_name, gender, phone, email, address, license_number)
VALUES
('Arun','Kumar','Male','9876500001','arun.kumar001@gmail.com','Chennai, Tamil Nadu','TN1000001'),
('Priya','Sharma','Female','9876500002','priya.sharma002@gmail.com','Coimbatore, Tamil Nadu','TN1000002'),
('Rahul','Verma','Male','9876500003','rahul.verma003@gmail.com','Madurai, Tamil Nadu','TN1000003'),
('Sneha','Reddy','Female','9876500004','sneha.reddy004@gmail.com','Salem, Tamil Nadu','TN1000004'),
('Karthik','Raman','Male','9876500005','karthik.raman005@gmail.com','Trichy, Tamil Nadu','TN1000005'),
('Divya','Nair','Female','9876500006','divya.nair006@gmail.com','Erode, Tamil Nadu','TN1000006'),
('Vijay','Singh','Male','9876500007','vijay.singh007@gmail.com','Vellore, Tamil Nadu','TN1000007'),
('Anjali','Patel','Female','9876500008','anjali.patel008@gmail.com','Tirunelveli, Tamil Nadu','TN1000008'),
('Suresh','Babu','Male','9876500009','suresh.babu009@gmail.com','Thoothukudi, Tamil Nadu','TN1000009'),
('Meena','Krishnan','Female','9876500010','meena.krishnan010@gmail.com','Kanchipuram, Tamil Nadu','TN1000010'),
('Ajith','Raj','Male','9876500011','ajith.raj011@gmail.com','Chennai, Tamil Nadu','TN1000011'),
('Pooja','Gupta','Female','9876500012','pooja.gupta012@gmail.com','Karur, Tamil Nadu','TN1000012'),
('Manoj','Das','Male','9876500013','manoj.das013@gmail.com','Namakkal, Tamil Nadu','TN1000013'),
('Keerthi','Iyer','Female','9876500014','keerthi.iyer014@gmail.com','Cuddalore, Tamil Nadu','TN1000014'),
('Harish','Menon','Male','9876500015','harish.menon015@gmail.com','Nagapattinam, Tamil Nadu','TN1000015'),
('Nisha','Joseph','Female','9876500016','nisha.joseph016@gmail.com','Dindigul, Tamil Nadu','TN1000016'),
('Ramesh','Pillai','Male','9876500017','ramesh.pillai017@gmail.com','Sivakasi, Tamil Nadu','TN1000017'),
('Lakshmi','Devi','Female','9876500018','lakshmi.devi018@gmail.com','Virudhunagar, Tamil Nadu','TN1000018'),
('Gokul','Prasad','Male','9876500019','gokul.prasad019@gmail.com','Tanjore, Tamil Nadu','TN1000019'),
('Bhavya','Rao','Female','9876500020','bhavya.rao020@gmail.com','Mayiladuthurai, Tamil Nadu','TN1000020'),
('Sanjay','Mohan','Male','9876500021','sanjay.mohan021@gmail.com','Chengalpattu, Tamil Nadu','TN1000021'),
('Deepa','Rani','Female','9876500022','deepa.rani022@gmail.com','Tiruppur, Tamil Nadu','TN1000022'),
('Prakash','Yadav','Male','9876500023','prakash.yadav023@gmail.com','Hosur, Tamil Nadu','TN1000023'),
('Kavitha','Selvi','Female','9876500024','kavitha.selvi024@gmail.com','Pollachi, Tamil Nadu','TN1000024'),
('Saravanan','Murthy','Male','9876500025','saravanan.murthy025@gmail.com','Dharmapuri, Tamil Nadu','TN1000025'),
('Revathi','Kannan','Female','9876500026','revathi.kannan026@gmail.com','Perambalur, Tamil Nadu','TN1000026'),
('Madhan','Ravi','Male','9876500027','madhan.ravi027@gmail.com','Ariyalur, Tamil Nadu','TN1000027'),
('Swathi','Mishra','Female','9876500028','swathi.mishra028@gmail.com','Pudukottai, Tamil Nadu','TN1000028'),
('Dinesh','Chandra','Male','9876500029','dinesh.chandra029@gmail.com','Ranipet, Tamil Nadu','TN1000029'),
('Aarthi','Balan','Female','9876500030','aarthi.balan030@gmail.com','Tenkasi, Tamil Nadu','TN1000030'),
('Naveen','Kumar','Male','9876500031','naveen.kumar031@gmail.com','Kanyakumari, Tamil Nadu','TN1000031'),
('Shalini','Sundar','Female','9876500032','shalini.sundar032@gmail.com','Chennai, Tamil Nadu','TN1000032'),
('Lokesh','Nath','Male','9876500033','lokesh.nath033@gmail.com','Madurai, Tamil Nadu','TN1000033'),
('Gayathri','Ravi','Female','9876500034','gayathri.ravi034@gmail.com','Coimbatore, Tamil Nadu','TN1000034'),
('Ashok','Kannan','Male','9876500035','ashok.kannan035@gmail.com','Salem, Tamil Nadu','TN1000035'),
('Pavithra','Mohan','Female','9876500036','pavithra.mohan036@gmail.com','Trichy, Tamil Nadu','TN1000036'),
('Senthil','Rajan','Male','9876500037','senthil.rajan037@gmail.com','Erode, Tamil Nadu','TN1000037'),
('Uma','Lakshmi','Female','9876500038','uma.lakshmi038@gmail.com','Vellore, Tamil Nadu','TN1000038'),
('Balaji','Subramani','Male','9876500039','balaji.subramani039@gmail.com','Karur, Tamil Nadu','TN1000039'),
('Anu','Priya','Female','9876500040','anu.priya040@gmail.com','Tirunelveli, Tamil Nadu','TN1000040'),
('Rohit','Joshi','Male','9876500041','rohit.joshi041@gmail.com','Chennai, Tamil Nadu','TN1000041'),
('Monika','Sinha','Female','9876500042','monika.sinha042@gmail.com','Coimbatore, Tamil Nadu','TN1000042'),
('Vinoth','Baskar','Male','9876500043','vinoth.baskar043@gmail.com','Madurai, Tamil Nadu','TN1000043'),
('Sowmya','Raj','Female','9876500044','sowmya.raj044@gmail.com','Salem, Tamil Nadu','TN1000044'),
('Kiran','Dev','Male','9876500045','kiran.dev045@gmail.com','Trichy, Tamil Nadu','TN1000045'),
('Preethi','Anand','Female','9876500046','preethi.anand046@gmail.com','Erode, Tamil Nadu','TN1000046'),
('Aravind','Krishna','Male','9876500047','aravind.krishna047@gmail.com','Vellore, Tamil Nadu','TN1000047'),
('Ritika','Mohan','Female','9876500048','ritika.mohan048@gmail.com','Nagapattinam, Tamil Nadu','TN1000048'),
('Vignesh','Suresh','Male','9876500049','vignesh.suresh049@gmail.com','Cuddalore, Tamil Nadu','TN1000049'),
('Harini','Babu','Female','9876500050','harini.babu050@gmail.com','Thanjavur, Tamil Nadu','TN1000050'),
('Arjun','Natarajan','Male','9876500051','arjun.natarajan051@gmail.com','Chennai, Tamil Nadu','TN1000051'),
('Aishwarya','Ramesh','Female','9876500052','aishwarya.ramesh052@gmail.com','Coimbatore, Tamil Nadu','TN1000052'),
('Bharath','Kumar','Male','9876500053','bharath.kumar053@gmail.com','Madurai, Tamil Nadu','TN1000053'),
('Chitra','Lakshmi','Female','9876500054','chitra.lakshmi054@gmail.com','Salem, Tamil Nadu','TN1000054'),
('Dharani','Prakash','Female','9876500055','dharani.prakash055@gmail.com','Trichy, Tamil Nadu','TN1000055'),
('Eswar','Rajendran','Male','9876500056','eswar.rajendran056@gmail.com','Erode, Tamil Nadu','TN1000056'),
('Farhana','Begum','Female','9876500057','farhana.begum057@gmail.com','Vellore, Tamil Nadu','TN1000057'),
('Ganesh','Balan','Male','9876500058','ganesh.balan058@gmail.com','Tirunelveli, Tamil Nadu','TN1000058'),
('Hemalatha','Sankar','Female','9876500059','hemalatha.sankar059@gmail.com','Thoothukudi, Tamil Nadu','TN1000059'),
('Ilango','Perumal','Male','9876500060','ilango.perumal060@gmail.com','Kanchipuram, Tamil Nadu','TN1000060'),
('Janani','Murugan','Female','9876500061','janani.murugan061@gmail.com','Karur, Tamil Nadu','TN1000061'),
('Kishore','Selvam','Male','9876500062','kishore.selvam062@gmail.com','Namakkal, Tamil Nadu','TN1000062'),
('Lavanya','Anand','Female','9876500063','lavanya.anand063@gmail.com','Cuddalore, Tamil Nadu','TN1000063'),
('Mohan','Ravi','Male','9876500064','mohan.ravi064@gmail.com','Dindigul, Tamil Nadu','TN1000064'),
('Nandhini','Karthik','Female','9876500065','nandhini.karthik065@gmail.com','Sivakasi, Tamil Nadu','TN1000065'),
('Omprakash','Velu','Male','9876500066','omprakash.velu066@gmail.com','Virudhunagar, Tamil Nadu','TN1000066'),
('Pavithra','Suresh','Female','9876500067','pavithra.suresh067@gmail.com','Thanjavur, Tamil Nadu','TN1000067'),
('Qadir','Ahmed','Male','9876500068','qadir.ahmed068@gmail.com','Mayiladuthurai, Tamil Nadu','TN1000068'),
('Ragul','Mohan','Male','9876500069','ragul.mohan069@gmail.com','Chengalpattu, Tamil Nadu','TN1000069'),
('Sharmila','Devi','Female','9876500070','sharmila.devi070@gmail.com','Tiruppur, Tamil Nadu','TN1000070'),
('Tamilselvan','R','Male','9876500071','tamilselvan071@gmail.com','Hosur, Tamil Nadu','TN1000071'),
('Usha','Priya','Female','9876500072','usha.priya072@gmail.com','Pollachi, Tamil Nadu','TN1000072'),
('Varun','Krishna','Male','9876500073','varun.krishna073@gmail.com','Dharmapuri, Tamil Nadu','TN1000073'),
('Yamini','Raj','Female','9876500074','yamini.raj074@gmail.com','Perambalur, Tamil Nadu','TN1000074'),
('Zakir','Hussain','Male','9876500075','zakir.hussain075@gmail.com','Ariyalur, Tamil Nadu','TN1000075'),
('Abinaya','K','Female','9876500076','abinaya076@gmail.com','Pudukottai, Tamil Nadu','TN1000076'),
('Bhuvan','Narayanan','Male','9876500077','bhuvan.narayanan077@gmail.com','Ranipet, Tamil Nadu','TN1000077'),
('Charanya','V','Female','9876500078','charanya078@gmail.com','Tenkasi, Tamil Nadu','TN1000078'),
('Deepak','M','Male','9876500079','deepak079@gmail.com','Kanyakumari, Tamil Nadu','TN1000079'),
('Elakkiya','S','Female','9876500080','elakkiya080@gmail.com','Chennai, Tamil Nadu','TN1000080'),
('Felix','Joseph','Male','9876500081','felix.joseph081@gmail.com','Coimbatore, Tamil Nadu','TN1000081'),
('Geetha','R','Female','9876500082','geetha082@gmail.com','Madurai, Tamil Nadu','TN1000082'),
('Hari','Prasad','Male','9876500083','hari.prasad083@gmail.com','Salem, Tamil Nadu','TN1000083'),
('Indhu','M','Female','9876500084','indhu084@gmail.com','Trichy, Tamil Nadu','TN1000084'),
('Jagan','K','Male','9876500085','jagan085@gmail.com','Erode, Tamil Nadu','TN1000085'),
('Keerthana','R','Female','9876500086','keerthana086@gmail.com','Vellore, Tamil Nadu','TN1000086'),
('Logesh','P','Male','9876500087','logesh087@gmail.com','Nagapattinam, Tamil Nadu','TN1000087'),
('Madhumitha','R','Female','9876500088','madhumitha088@gmail.com','Cuddalore, Tamil Nadu','TN1000088'),
('Naveenkumar','S','Male','9876500089','naveenkumar089@gmail.com','Thanjavur, Tamil Nadu','TN1000089'),
('Oviya','K','Female','9876500090','oviya090@gmail.com','Tirunelveli, Tamil Nadu','TN1000090'),
('Pradeep','V','Male','9876500091','pradeep091@gmail.com','Chennai, Tamil Nadu','TN1000091'),
('Ranjani','S','Female','9876500092','ranjani092@gmail.com','Coimbatore, Tamil Nadu','TN1000092'),
('Sathish','R','Male','9876500093','sathish093@gmail.com','Madurai, Tamil Nadu','TN1000093'),
('Thenmozhi','M','Female','9876500094','thenmozhi094@gmail.com','Salem, Tamil Nadu','TN1000094'),
('Udhay','Kumar','Male','9876500095','udhay.kumar095@gmail.com','Trichy, Tamil Nadu','TN1000095'),
('Vaishnavi','R','Female','9876500096','vaishnavi096@gmail.com','Erode, Tamil Nadu','TN1000096'),
('Yogesh','Babu','Male','9876500097','yogesh.babu097@gmail.com','Vellore, Tamil Nadu','TN1000097'),
('Anitha','S','Female','9876500098','anitha098@gmail.com','Karur, Tamil Nadu','TN1000098'),
('Balamurugan','R','Male','9876500099','balamurugan099@gmail.com','Namakkal, Tamil Nadu','TN1000099'),
('Chandrika','P','Female','9876500100','chandrika100@gmail.com','Dindigul, Tamil Nadu','TN1000100');

INSERT INTO vehicle
(customer_id, vehicle_number, vehicle_type, brand, model, manufacture_year, chassis_number, engine_number)
VALUES
(1,'TN01AB1001','Car','Maruti Suzuki','Swift',2022,'CHS100001','ENG100001'),
(2,'TN02BC1002','Bike','Honda','Shine',2021,'CHS100002','ENG100002'),
(3,'TN03CD1003','Car','Hyundai','i20',2023,'CHS100003','ENG100003'),
(4,'TN04DE1004','SUV','Tata','Nexon',2022,'CHS100004','ENG100004'),
(5,'TN05EF1005','Car','Toyota','Glanza',2021,'CHS100005','ENG100005'),
(6,'TN06FG1006','Bike','TVS','Apache RTR 160',2023,'CHS100006','ENG100006'),
(7,'TN07GH1007','Car','Honda','City',2020,'CHS100007','ENG100007'),
(8,'TN08HJ1008','SUV','Mahindra','XUV700',2024,'CHS100008','ENG100008'),
(9,'TN09JK1009','Bike','Bajaj','Pulsar 150',2022,'CHS100009','ENG100009'),
(10,'TN10KL1010','Car','Kia','Seltos',2023,'CHS100010','ENG100010'),
(11,'TN11LM1011','Car','Hyundai','Creta',2022,'CHS100011','ENG100011'),
(12,'TN12MN1012','Bike','Royal Enfield','Classic 350',2021,'CHS100012','ENG100012'),
(13,'TN13NP1013','Car','Maruti Suzuki','Baleno',2023,'CHS100013','ENG100013'),
(14,'TN14PQ1014','SUV','Toyota','Fortuner',2022,'CHS100014','ENG100014'),
(15,'TN15QR1015','Car','Volkswagen','Virtus',2024,'CHS100015','ENG100015'),
(16,'TN16RS1016','Bike','Yamaha','FZ-S',2021,'CHS100016','ENG100016'),
(17,'TN17ST1017','Car','Skoda','Slavia',2023,'CHS100017','ENG100017'),
(18,'TN18TU1018','SUV','MG','Hector',2022,'CHS100018','ENG100018'),
(19,'TN19UV1019','Bike','Hero','Splendor Plus',2020,'CHS100019','ENG100019'),
(20,'TN20VW1020','Car','Renault','Kiger',2024,'CHS100020','ENG100020'),
(21,'TN21WX1021','Car','Nissan','Magnite',2023,'CHS100021','ENG100021'),
(22,'TN22XY1022','Bike','Suzuki','Access 125',2022,'CHS100022','ENG100022'),
(23,'TN23ZA1023','SUV','Mahindra','Scorpio N',2024,'CHS100023','ENG100023'),
(24,'TN24AB1024','Car','Hyundai','Verna',2023,'CHS100024','ENG100024'),
(25,'TN25BC1025','Bike','Honda','Hornet 2.0',2022,'CHS100025','ENG100025'),
(26,'TN26CD1026','Car','Tata','Altroz',2021,'CHS100026','ENG100026'),
(27,'TN27DE1027','SUV','Jeep','Compass',2024,'CHS100027','ENG100027'),
(28,'TN28EF1028','Bike','KTM','Duke 200',2023,'CHS100028','ENG100028'),
(29,'TN29FG1029','Car','Maruti Suzuki','Brezza',2022,'CHS100029','ENG100029'),
(30,'TN30GH1030','Car','Honda','Amaze',2021,'CHS100030','ENG100030'),
(31,'TN31HJ1031','Bike','TVS','Jupiter',2024,'CHS100031','ENG100031'),
(32,'TN32JK1032','SUV','Hyundai','Venue',2023,'CHS100032','ENG100032'),
(33,'TN33KL1033','Car','Kia','Sonet',2022,'CHS100033','ENG100033'),
(34,'TN34LM1034','Bike','Bajaj','Dominar 400',2024,'CHS100034','ENG100034'),
(35,'TN35MN1035','Car','Toyota','Innova Hycross',2024,'CHS100035','ENG100035'),
(36,'TN36NP1036','SUV','Tata','Harrier',2023,'CHS100036','ENG100036'),
(37,'TN37PQ1037','Bike','Hero','Xtreme 160R',2022,'CHS100037','ENG100037'),
(38,'TN38QR1038','Car','Skoda','Kushaq',2024,'CHS100038','ENG100038'),
(39,'TN39RS1039','SUV','Mahindra','Bolero Neo',2023,'CHS100039','ENG100039'),
(40,'TN40ST1040','Bike','Royal Enfield','Hunter 350',2023,'CHS100040','ENG100040'),
(41,'TN41TU1041','Car','Hyundai','Grand i10 Nios',2022,'CHS100041','ENG100041'),
(42,'TN42UV1042','SUV','Kia','Carens',2024,'CHS100042','ENG100042'),
(43,'TN43VW1043','Bike','Yamaha','R15 V4',2023,'CHS100043','ENG100043'),
(44,'TN44WX1044','Car','Maruti Suzuki','Ciaz',2021,'CHS100044','ENG100044'),
(45,'TN45XY1045','SUV','Toyota','Urban Cruiser Hyryder',2024,'CHS100045','ENG100045'),
(46,'TN46ZA1046','Bike','Honda','Activa 6G',2023,'CHS100046','ENG100046'),
(47,'TN47AB1047','Car','Tata','Punch',2024,'CHS100047','ENG100047'),
(48,'TN48BC1048','SUV','MG','Astor',2023,'CHS100048','ENG100048'),
(49,'TN49CD1049','Bike','Suzuki','Gixxer',2022,'CHS100049','ENG100049'),
(50,'TN50DE1050','Car','Hyundai','Exter',2024,'CHS100050','ENG100050'),
(51,'TN51EF1051','Car','Maruti Suzuki','Dzire',2022,'CHS100051','ENG100051'),
(52,'TN52FG1052','Bike','Honda','Unicorn',2021,'CHS100052','ENG100052'),
(53,'TN53GH1053','SUV','Mahindra','XUV300',2023,'CHS100053','ENG100053'),
(54,'TN54HJ1054','Car','Hyundai','Aura',2022,'CHS100054','ENG100054'),
(55,'TN55JK1055','Bike','TVS','Raider 125',2024,'CHS100055','ENG100055'),
(56,'TN56KL1056','Car','Tata','Tiago',2023,'CHS100056','ENG100056'),
(57,'TN57LM1057','SUV','Toyota','Innova Crysta',2022,'CHS100057','ENG100057'),
(58,'TN58MN1058','Bike','Bajaj','Pulsar N160',2023,'CHS100058','ENG100058'),
(59,'TN59NP1059','Car','Honda','Elevate',2024,'CHS100059','ENG100059'),
(60,'TN60PQ1060','SUV','Kia','Seltos',2023,'CHS100060','ENG100060'),
(61,'TN61QR1061','Bike','Royal Enfield','Meteor 350',2022,'CHS100061','ENG100061'),
(62,'TN62RS1062','Car','Volkswagen','Taigun',2024,'CHS100062','ENG100062'),
(63,'TN63ST1063','SUV','Hyundai','Alcazar',2023,'CHS100063','ENG100063'),
(64,'TN64TU1064','Bike','Yamaha','MT-15',2024,'CHS100064','ENG100064'),
(65,'TN65UV1065','Car','Renault','Triber',2022,'CHS100065','ENG100065'),
(66,'TN66VW1066','SUV','MG','Gloster',2024,'CHS100066','ENG100066'),
(67,'TN67WX1067','Bike','Hero','Glamour',2021,'CHS100067','ENG100067'),
(68,'TN68XY1068','Car','Nissan','Magnite',2024,'CHS100068','ENG100068'),
(69,'TN69ZA1069','SUV','Tata','Safari',2023,'CHS100069','ENG100069'),
(70,'TN70AB1070','Bike','Suzuki','Burgman Street',2022,'CHS100070','ENG100070'),
(71,'TN71BC1071','Car','Hyundai','i10 Nios',2023,'CHS100071','ENG100071'),
(72,'TN72CD1072','SUV','Mahindra','Thar',2024,'CHS100072','ENG100072'),
(73,'TN73DE1073','Bike','TVS','Ronin',2023,'CHS100073','ENG100073'),
(74,'TN74EF1074','Car','Honda','City',2022,'CHS100074','ENG100074'),
(75,'TN75FG1075','SUV','Toyota','Fortuner',2024,'CHS100075','ENG100075'),
(76,'TN76GH1076','Bike','KTM','RC 200',2023,'CHS100076','ENG100076'),
(77,'TN77HJ1077','Car','Maruti Suzuki','Fronx',2024,'CHS100077','ENG100077'),
(78,'TN78JK1078','SUV','Skoda','Kodiaq',2023,'CHS100078','ENG100078'),
(79,'TN79KL1079','Bike','Honda','CB350',2022,'CHS100079','ENG100079'),
(80,'TN80LM1080','Car','Tata','Tigor',2021,'CHS100080','ENG100080'),
(81,'TN81MN1081','SUV','Jeep','Meridian',2024,'CHS100081','ENG100081'),
(82,'TN82NP1082','Bike','Yamaha','Aerox 155',2023,'CHS100082','ENG100082'),
(83,'TN83PQ1083','Car','Kia','Carnival',2024,'CHS100083','ENG100083'),
(84,'TN84QR1084','SUV','Citroen','C3 Aircross',2023,'CHS100084','ENG100084'),
(85,'TN85RS1085','Bike','Bajaj','Avenger 220',2022,'CHS100085','ENG100085'),
(86,'TN86ST1086','Car','Toyota','Camry',2024,'CHS100086','ENG100086'),
(87,'TN87TU1087','SUV','Hyundai','Tucson',2023,'CHS100087','ENG100087'),
(88,'TN88UV1088','Bike','TVS','NTorq 125',2024,'CHS100088','ENG100088'),
(89,'TN89VW1089','Car','Maruti Suzuki','Ertiga',2022,'CHS100089','ENG100089'),
(90,'TN90WX1090','SUV','MG','ZS EV',2024,'CHS100090','ENG100090'),
(91,'TN91XY1091','Bike','Hero','Xpulse 200',2023,'CHS100091','ENG100091'),
(92,'TN92ZA1092','Car','Hyundai','Verna',2024,'CHS100092','ENG100092'),
(93,'TN93AB1093','SUV','Tata','Curvv',2025,'CHS100093','ENG100093'),
(94,'TN94BC1094','Bike','Royal Enfield','Bullet 350',2024,'CHS100094','ENG100094'),
(95,'TN95CD1095','Car','Honda','Amaze',2023,'CHS100095','ENG100095'),
(96,'TN96DE1096','SUV','Mahindra','BE 6',2025,'CHS100096','ENG100096'),
(97,'TN97EF1097','Bike','Suzuki','V-Strom SX',2024,'CHS100097','ENG100097'),
(98,'TN98FG1098','Car','Skoda','Superb',2024,'CHS100098','ENG100098'),
(99,'TN99GH1099','SUV','Kia','Syros',2025,'CHS100099','ENG100099'),
(100,'TN100HJ1100','Car','Tata','Altroz Racer',2025,'CHS100100','ENG100100');

INSERT INTO insurance_policy
(vehicle_id, policy_number, policy_type, start_date, end_date, premium_amount, coverage_amount, status)
VALUES
(1,'POL100001','Comprehensive','2025-01-10','2030-01-09',8500.00,500000.00,'Active'),
(2,'POL100002','Third Party','2025-01-15','2030-01-14',2500.00,150000.00,'Active'),
(3,'POL100003','Own Damage','2025-02-05','2030-02-04',5200.00,300000.00,'Active'),
(4,'POL100004','Comprehensive','2025-02-20','2030-02-19',9500.00,650000.00,'Active'),
(5,'POL100005','Third Party','2025-03-01','2030-02-28',2700.00,180000.00,'Active'),
(6,'POL100006','Own Damage','2025-03-15','2030-03-14',4800.00,250000.00,'Active'),
(7,'POL100007','Comprehensive','2025-04-01','2030-03-31',10000.00,700000.00,'Active'),
(8,'POL100008','Third Party','2025-04-18','2030-04-17',2600.00,160000.00,'Active'),
(9,'POL100009','Own Damage','2025-05-05','2030-05-04',5500.00,350000.00,'Active'),
(10,'POL100010','Comprehensive','2025-05-20','2030-05-19',11000.00,800000.00,'Active'),
(11,'POL100011','Third Party','2025-06-01','2030-05-31',2800.00,200000.00,'Active'),
(12,'POL100012','Own Damage','2025-06-15','2030-06-14',5000.00,280000.00,'Active'),
(13,'POL100013','Comprehensive','2025-07-01','2030-06-30',9000.00,600000.00,'Active'),
(14,'POL100014','Third Party','2025-07-18','2030-07-17',2900.00,220000.00,'Active'),
(15,'POL100015','Own Damage','2025-08-05','2030-08-04',5600.00,360000.00,'Active'),
(16,'POL100016','Comprehensive','2025-08-20','2030-08-19',10500.00,750000.00,'Active'),
(17,'POL100017','Third Party','2025-09-01','2030-08-31',2700.00,190000.00,'Active'),
(18,'POL100018','Own Damage','2025-09-15','2030-09-14',5300.00,320000.00,'Active'),
(19,'POL100019','Comprehensive','2025-10-01','2030-09-30',9800.00,680000.00,'Active'),
(20,'POL100020','Third Party','2025-10-18','2030-10-17',2500.00,150000.00,'Active'),
(21,'POL100021','Own Damage','2025-11-05','2030-11-04',5100.00,300000.00,'Active'),
(22,'POL100022','Comprehensive','2025-11-20','2030-11-19',10200.00,720000.00,'Active'),
(23,'POL100023','Third Party','2025-12-01','2030-11-30',3000.00,210000.00,'Active'),
(24,'POL100024','Own Damage','2025-12-15','2030-12-14',5400.00,340000.00,'Active'),
(25,'POL100025','Comprehensive','2026-01-01','2030-12-31',11500.00,850000.00,'Active'),
(26,'POL100026','Third Party','2026-01-15','2031-01-14',2600.00,170000.00,'Active'),
(27,'POL100027','Own Damage','2026-02-01','2031-01-31',5200.00,310000.00,'Active'),
(28,'POL100028','Comprehensive','2026-02-15','2031-02-14',9900.00,700000.00,'Active'),
(29,'POL100029','Third Party','2026-03-01','2031-02-28',2800.00,200000.00,'Active'),
(30,'POL100030','Own Damage','2026-03-15','2031-03-14',5500.00,350000.00,'Active'),
(31,'POL100031','Comprehensive','2026-04-01','2031-03-31',10800.00,780000.00,'Active'),
(32,'POL100032','Third Party','2026-04-15','2031-04-14',2700.00,180000.00,'Active'),
(33,'POL100033','Own Damage','2026-05-01','2031-04-30',5000.00,290000.00,'Active'),
(34,'POL100034','Comprehensive','2026-05-15','2031-05-14',9500.00,650000.00,'Active'),
(35,'POL100035','Third Party','2026-06-01','2031-05-31',2500.00,160000.00,'Active'),
(36,'POL100036','Own Damage','2026-06-15','2031-06-14',5300.00,330000.00,'Active'),
(37,'POL100037','Comprehensive','2026-07-01','2031-06-30',11200.00,820000.00,'Active'),
(38,'POL100038','Third Party','2026-07-15','2031-07-14',2900.00,210000.00,'Active'),
(39,'POL100039','Own Damage','2026-08-01','2031-07-31',5600.00,360000.00,'Active'),
(40,'POL100040','Comprehensive','2026-08-15','2031-08-14',10000.00,700000.00,'Active'),
(41,'POL100041','Third Party','2026-09-01','2031-08-31',2600.00,170000.00,'Active'),
(42,'POL100042','Own Damage','2026-09-15','2031-09-14',5200.00,310000.00,'Active'),
(43,'POL100043','Comprehensive','2026-10-01','2031-09-30',9700.00,680000.00,'Active'),
(44,'POL100044','Third Party','2026-10-15','2031-10-14',2800.00,190000.00,'Active'),
(45,'POL100045','Own Damage','2026-11-01','2031-10-31',5400.00,340000.00,'Active'),
(46,'POL100046','Comprehensive','2026-11-15','2031-11-14',10500.00,760000.00,'Active'),
(47,'POL100047','Third Party','2026-12-01','2031-11-30',2500.00,150000.00,'Active'),
(48,'POL100048','Own Damage','2026-12-15','2031-12-14',5000.00,300000.00,'Active'),
(49,'POL100049','Comprehensive','2027-01-01','2031-12-31',11000.00,800000.00,'Active'),
(50,'POL100050','Third Party','2027-01-15','2032-01-14',2700.00,180000.00,'Active'),
(51,'POL100051','Own Damage','2027-02-01','2032-01-31',5200.00,320000.00,'Active'),
(52,'POL100052','Comprehensive','2027-02-15','2032-02-14',9800.00,690000.00,'Active'),
(53,'POL100053','Third Party','2027-03-01','2032-02-29',2600.00,170000.00,'Active'),
(54,'POL100054','Own Damage','2027-03-15','2032-03-14',5500.00,350000.00,'Active'),
(55,'POL100055','Comprehensive','2027-04-01','2032-03-31',10500.00,750000.00,'Active'),
(56,'POL100056','Third Party','2027-04-15','2032-04-14',2800.00,200000.00,'Active'),
(57,'POL100057','Own Damage','2027-05-01','2032-04-30',5100.00,310000.00,'Active'),
(58,'POL100058','Comprehensive','2027-05-15','2032-05-14',11200.00,820000.00,'Active'),
(59,'POL100059','Third Party','2027-06-01','2032-05-31',2700.00,180000.00,'Active'),
(60,'POL100060','Own Damage','2027-06-15','2032-06-14',5300.00,330000.00,'Active'),
(61,'POL100061','Comprehensive','2027-07-01','2032-06-30',10000.00,700000.00,'Active'),
(62,'POL100062','Third Party','2027-07-15','2032-07-14',2500.00,150000.00,'Active'),
(63,'POL100063','Own Damage','2027-08-01','2032-07-31',5600.00,360000.00,'Active'),
(64,'POL100064','Comprehensive','2027-08-15','2032-08-14',10800.00,780000.00,'Active'),
(65,'POL100065','Third Party','2027-09-01','2032-08-31',2900.00,210000.00,'Active'),
(66,'POL100066','Own Damage','2027-09-15','2032-09-14',5200.00,300000.00,'Active'),
(67,'POL100067','Comprehensive','2027-10-01','2032-09-30',9500.00,650000.00,'Active'),
(68,'POL100068','Third Party','2027-10-15','2032-10-14',2600.00,170000.00,'Active'),
(69,'POL100069','Own Damage','2027-11-01','2032-10-31',5400.00,340000.00,'Active'),
(70,'POL100070','Comprehensive','2027-11-15','2032-11-14',11500.00,850000.00,'Active'),
(71,'POL100071','Third Party','2027-12-01','2032-11-30',2700.00,190000.00,'Active'),
(72,'POL100072','Own Damage','2027-12-15','2032-12-14',5000.00,290000.00,'Active'),
(73,'POL100073','Comprehensive','2028-01-01','2032-12-31',10200.00,720000.00,'Active'),
(74,'POL100074','Third Party','2028-01-15','2033-01-14',2800.00,200000.00,'Active'),
(75,'POL100075','Own Damage','2028-02-01','2033-01-31',5500.00,350000.00,'Active'),
(76,'POL100076','Comprehensive','2028-02-15','2033-02-14',11000.00,800000.00,'Active'),
(77,'POL100077','Third Party','2028-03-01','2033-02-28',2500.00,160000.00,'Active'),
(78,'POL100078','Own Damage','2028-03-15','2033-03-14',5300.00,320000.00,'Active'),
(79,'POL100079','Comprehensive','2028-04-01','2033-03-31',9800.00,680000.00,'Active'),
(80,'POL100080','Third Party','2028-04-15','2033-04-14',2900.00,210000.00,'Active'),
(81,'POL100081','Own Damage','2028-05-01','2033-04-30',5200.00,310000.00,'Active'),
(82,'POL100082','Comprehensive','2028-05-15','2033-05-14',10500.00,750000.00,'Active'),
(83,'POL100083','Third Party','2028-06-01','2033-05-31',2700.00,180000.00,'Active'),
(84,'POL100084','Own Damage','2028-06-15','2033-06-14',5600.00,360000.00,'Active'),
(85,'POL100085','Comprehensive','2028-07-01','2033-06-30',11200.00,820000.00,'Active'),
(86,'POL100086','Third Party','2028-07-15','2033-07-14',2600.00,170000.00,'Active'),
(87,'POL100087','Own Damage','2028-08-01','2033-07-31',5100.00,300000.00,'Active'),
(88,'POL100088','Comprehensive','2028-08-15','2033-08-14',10000.00,700000.00,'Active'),
(89,'POL100089','Third Party','2028-09-01','2033-08-31',2800.00,190000.00,'Active'),
(90,'POL100090','Own Damage','2028-09-15','2033-09-14',5400.00,340000.00,'Active'),
(91,'POL100091','Comprehensive','2028-10-01','2033-09-30',10800.00,780000.00,'Active'),
(92,'POL100092','Third Party','2028-10-15','2033-10-14',2500.00,150000.00,'Active'),
(93,'POL100093','Own Damage','2028-11-01','2033-10-31',5200.00,320000.00,'Active'),
(94,'POL100094','Comprehensive','2028-11-15','2033-11-14',9500.00,650000.00,'Active'),
(95,'POL100095','Third Party','2028-12-01','2033-11-30',2700.00,180000.00,'Active'),
(96,'POL100096','Own Damage','2028-12-15','2033-12-14',5500.00,350000.00,'Active'),
(97,'POL100097','Comprehensive','2029-01-01','2033-12-31',11000.00,800000.00,'Active'),
(98,'POL100098','Third Party','2029-01-15','2034-01-14',2600.00,170000.00,'Active'),
(99,'POL100099','Own Damage','2029-02-01','2034-01-31',5300.00,330000.00,'Active'),
(100,'POL100100','Comprehensive','2029-02-15','2034-02-14',11500.00,850000.00,'Active');


INSERT INTO payment
(policy_id, payment_date, amount, payment_method, payment_status)
VALUES
(1,'2025-01-10',8500.00,'UPI','Paid'),
(2,'2025-01-15',2500.00,'Cash','Paid'),
(3,'2025-02-05',5200.00,'Credit Card','Paid'),
(4,'2025-02-20',9500.00,'Net Banking','Paid'),
(5,'2025-03-01',2700.00,'UPI','Paid'),
(6,'2025-03-15',4800.00,'Debit Card','Paid'),
(7,'2025-04-01',10000.00,'Net Banking','Paid'),
(8,'2025-04-18',2600.00,'Cash','Pending'),
(9,'2025-05-05',5500.00,'UPI','Paid'),
(10,'2025-05-20',11000.00,'Credit Card','Paid'),
(11,'2025-06-01',2800.00,'Cash','Paid'),
(12,'2025-06-15',5000.00,'UPI','Paid'),
(13,'2025-07-01',9000.00,'Net Banking','Paid'),
(14,'2025-07-18',2900.00,'Debit Card','Paid'),
(15,'2025-08-05',5600.00,'UPI','Paid'),
(16,'2025-08-20',10500.00,'Credit Card','Paid'),
(17,'2025-09-01',2700.00,'Cash','Pending'),
(18,'2025-09-15',5300.00,'UPI','Paid'),
(19,'2025-10-01',9800.00,'Net Banking','Paid'),
(20,'2025-10-18',2500.00,'Debit Card','Paid'),
(21,'2025-11-05',5100.00,'UPI','Paid'),
(22,'2025-11-20',10200.00,'Credit Card','Paid'),
(23,'2025-12-01',3000.00,'Cash','Pending'),
(24,'2025-12-15',5400.00,'Net Banking','Paid'),
(25,'2026-01-01',11500.00,'UPI','Paid'),
(26,'2026-01-15',2600.00,'Debit Card','Paid'),
(27,'2026-02-01',5200.00,'Credit Card','Paid'),
(28,'2026-02-15',9900.00,'Net Banking','Paid'),
(29,'2026-03-01',2800.00,'UPI','Paid'),
(30,'2026-03-15',5500.00,'Cash','Paid'),
(31,'2026-04-01',10800.00,'Credit Card','Paid'),
(32,'2026-04-15',2700.00,'UPI','Pending'),
(33,'2026-05-01',5000.00,'Net Banking','Paid'),
(34,'2026-05-15',9500.00,'Debit Card','Paid'),
(35,'2026-06-01',2500.00,'Cash','Paid'),
(36,'2026-06-15',5300.00,'UPI','Paid'),
(37,'2026-07-01',11200.00,'Credit Card','Paid'),
(38,'2026-07-15',2900.00,'Net Banking','Paid'),
(39,'2026-08-01',5600.00,'UPI','Paid'),
(40,'2026-08-15',10000.00,'Debit Card','Paid'),
(41,'2026-09-01',2600.00,'Cash','Pending'),
(42,'2026-09-15',5200.00,'UPI','Paid'),
(43,'2026-10-01',9700.00,'Credit Card','Paid'),
(44,'2026-10-15',2800.00,'Net Banking','Paid'),
(45,'2026-11-01',5400.00,'UPI','Paid'),
(46,'2026-11-15',10500.00,'Debit Card','Paid'),
(47,'2026-12-01',2500.00,'Cash','Paid'),
(48,'2026-12-15',5000.00,'UPI','Paid'),
(49,'2027-01-01',11000.00,'Credit Card','Paid'),
(50,'2027-01-15',2700.00,'Net Banking','Paid'),
(51,'2027-02-01',5200.00,'UPI','Paid'),
(52,'2027-02-15',9800.00,'Credit Card','Paid'),
(53,'2027-03-01',2600.00,'Cash','Paid'),
(54,'2027-03-15',5500.00,'Net Banking','Paid'),
(55,'2027-04-01',10500.00,'Debit Card','Paid'),
(56,'2027-04-15',2800.00,'UPI','Pending'),
(57,'2027-05-01',5100.00,'Cash','Paid'),
(58,'2027-05-15',11200.00,'Credit Card','Paid'),
(59,'2027-06-01',2700.00,'Net Banking','Paid'),
(60,'2027-06-15',5300.00,'UPI','Paid'),
(61,'2027-07-01',10000.00,'Debit Card','Paid'),
(62,'2027-07-15',2500.00,'Cash','Paid'),
(63,'2027-08-01',5600.00,'UPI','Paid'),
(64,'2027-08-15',10800.00,'Credit Card','Paid'),
(65,'2027-09-01',2900.00,'Net Banking','Pending'),
(66,'2027-09-15',5200.00,'UPI','Paid'),
(67,'2027-10-01',9500.00,'Debit Card','Paid'),
(68,'2027-10-15',2600.00,'Cash','Paid'),
(69,'2027-11-01',5400.00,'Credit Card','Paid'),
(70,'2027-11-15',11500.00,'Net Banking','Paid'),
(71,'2027-12-01',2700.00,'UPI','Paid'),
(72,'2027-12-15',5000.00,'Cash','Pending'),
(73,'2028-01-01',10200.00,'Credit Card','Paid'),
(74,'2028-01-15',2800.00,'Net Banking','Paid'),
(75,'2028-02-01',5500.00,'UPI','Paid'),
(76,'2028-02-15',11000.00,'Debit Card','Paid'),
(77,'2028-03-01',2500.00,'Cash','Paid'),
(78,'2028-03-15',5300.00,'UPI','Paid'),
(79,'2028-04-01',9800.00,'Credit Card','Paid'),
(80,'2028-04-15',2900.00,'Net Banking','Pending'),
(81,'2028-05-01',5200.00,'UPI','Paid'),
(82,'2028-05-15',10500.00,'Debit Card','Paid'),
(83,'2028-06-01',2700.00,'Cash','Paid'),
(84,'2028-06-15',5600.00,'Credit Card','Paid'),
(85,'2028-07-01',11200.00,'Net Banking','Paid'),
(86,'2028-07-15',2600.00,'UPI','Paid'),
(87,'2028-08-01',5100.00,'Debit Card','Pending'),
(88,'2028-08-15',10000.00,'Cash','Paid'),
(89,'2028-09-01',2800.00,'Credit Card','Paid'),
(90,'2028-09-15',5400.00,'UPI','Paid'),
(91,'2028-10-01',10800.00,'Net Banking','Paid'),
(92,'2028-10-15',2500.00,'Cash','Paid'),
(93,'2028-11-01',5200.00,'Debit Card','Paid'),
(94,'2028-11-15',9500.00,'Credit Card','Paid'),
(95,'2028-12-01',2700.00,'UPI','Pending'),
(96,'2028-12-15',5500.00,'Net Banking','Paid'),
(97,'2029-01-01',11000.00,'Debit Card','Paid'),
(98,'2029-01-15',2600.00,'Cash','Paid'),
(99,'2029-02-01',5300.00,'UPI','Paid'),
(100,'2029-02-15',11500.00,'Credit Card','Paid');

INSERT INTO claim_details
(policy_id, claim_date, claim_amount, claim_status, description)
VALUES
(1,'2025-03-10',25000.00,'Approved','Accident damage repair claim'),
(2,'2025-04-05',12000.00,'Approved','Minor vehicle accident'),
(3,'2025-05-15',18000.00,'Pending','Vehicle front damage inspection'),
(4,'2025-06-20',45000.00,'Approved','Major accident repair'),
(5,'2025-07-10',10000.00,'Rejected','Claim documents incomplete'),
(6,'2025-08-12',22000.00,'Approved','Engine repair claim'),
(7,'2025-09-01',35000.00,'Pending','Accident verification pending'),
(8,'2025-09-18',15000.00,'Approved','Door and body repair'),
(9,'2025-10-05',28000.00,'Approved','Vehicle collision damage'),
(10,'2025-11-11',50000.00,'Pending','Insurance survey pending'),
(11,'2025-12-01',17000.00,'Approved','Glass replacement claim'),
(12,'2026-01-10',9000.00,'Rejected','Policy conditions not met'),
(13,'2026-02-05',30000.00,'Approved','Accident repair expenses'),
(14,'2026-03-12',42000.00,'Pending','Claim under investigation'),
(15,'2026-04-18',16000.00,'Approved','Minor scratch repair'),
(16,'2026-05-10',60000.00,'Approved','Major vehicle damage'),
(17,'2026-06-15',20000.00,'Pending','Damage assessment pending'),
(18,'2026-07-20',27000.00,'Approved','Accident repair claim'),
(19,'2026-08-01',35000.00,'Rejected','False claim detected'),
(20,'2026-09-14',45000.00,'Approved','Vehicle accident claim'),
(21,'2026-10-05',12000.00,'Pending','Document verification'),
(22,'2026-11-11',38000.00,'Approved','Repair reimbursement'),
(23,'2026-12-20',15000.00,'Rejected','Late claim submission'),
(24,'2027-01-05',26000.00,'Approved','Vehicle damage claim'),
(25,'2027-02-10',55000.00,'Pending','Survey report awaited'),
(26,'2027-03-15',22000.00,'Approved','Accident damage'),
(27,'2027-04-20',33000.00,'Approved','Repair cost claim'),
(28,'2027-05-12',18000.00,'Pending','Claim processing'),
(29,'2027-06-08',40000.00,'Approved','Collision repair'),
(30,'2027-07-19',25000.00,'Rejected','Invalid documents'),
(31,'2027-08-25',60000.00,'Approved','Vehicle replacement claim'),
(32,'2027-09-15',14000.00,'Pending','Inspection required'),
(33,'2027-10-10',29000.00,'Approved','Damage repair claim'),
(34,'2027-11-20',45000.00,'Approved','Accident settlement'),
(35,'2027-12-05',10000.00,'Rejected','Policy expired'),
(36,'2028-01-15',37000.00,'Approved','Repair reimbursement'),
(37,'2028-02-20',52000.00,'Pending','Claim verification'),
(38,'2028-03-18',23000.00,'Approved','Vehicle parts replacement'),
(39,'2028-04-12',31000.00,'Approved','Accident repair'),
(40,'2028-05-25',48000.00,'Pending','Survey in progress'),
(41,'2028-06-10',16000.00,'Approved','Minor accident claim'),
(42,'2028-07-14',39000.00,'Rejected','Fraud suspicion'),
(43,'2028-08-22',28000.00,'Approved','Body damage repair'),
(44,'2028-09-05',50000.00,'Pending','Approval waiting'),
(45,'2028-10-18',21000.00,'Approved','Repair claim'),
(46,'2028-11-20',65000.00,'Approved','Major accident claim'),
(47,'2028-12-12',13000.00,'Rejected','Insufficient proof'),
(48,'2029-01-08',36000.00,'Approved','Vehicle damage settlement'),
(49,'2029-02-15',27000.00,'Pending','Claim review'),
(50,'2029-03-20',55000.00,'Approved','Accident insurance claim'),
(51,'2029-04-10',24000.00,'Approved','Accident repair claim'),
(52,'2029-05-15',45000.00,'Pending','Vehicle inspection pending'),
(53,'2029-06-05',18000.00,'Approved','Minor damage repair'),
(54,'2029-07-12',60000.00,'Approved','Major accident repair'),
(55,'2029-08-01',15000.00,'Rejected','Required documents missing'),
(56,'2029-09-10',32000.00,'Approved','Engine damage repair'),
(57,'2029-10-18',28000.00,'Pending','Survey verification pending'),
(58,'2029-11-05',52000.00,'Approved','Collision damage claim'),
(59,'2029-12-15',17000.00,'Approved','Vehicle parts replacement'),
(60,'2030-01-20',70000.00,'Pending','Claim approval waiting'),
(61,'2030-02-08',22000.00,'Approved','Accident repair expenses'),
(62,'2030-03-14',14000.00,'Rejected','Claim outside coverage'),
(63,'2030-04-25',38000.00,'Approved','Vehicle body repair'),
(64,'2030-05-10',25000.00,'Pending','Damage assessment'),
(65,'2030-06-18',55000.00,'Approved','Accident settlement'),
(66,'2030-07-22',30000.00,'Approved','Repair reimbursement'),
(67,'2030-08-05',19000.00,'Rejected','Invalid claim details'),
(68,'2030-09-12',42000.00,'Approved','Vehicle accident claim'),
(69,'2030-10-20',35000.00,'Pending','Investigation in progress'),
(70,'2030-11-15',65000.00,'Approved','Major vehicle damage'),
(71,'2030-12-10',16000.00,'Approved','Minor accident repair'),
(72,'2031-01-18',27000.00,'Pending','Document verification'),
(73,'2031-02-12',50000.00,'Approved','Collision repair claim'),
(74,'2031-03-20',23000.00,'Rejected','Policy terms violated'),
(75,'2031-04-15',75000.00,'Approved','Major accident settlement'),
(76,'2031-05-10',29000.00,'Pending','Survey report awaited'),
(77,'2031-06-05',18000.00,'Approved','Vehicle damage claim'),
(78,'2031-07-18',36000.00,'Approved','Repair cost reimbursement'),
(79,'2031-08-22',45000.00,'Pending','Claim processing'),
(80,'2031-09-12',55000.00,'Approved','Accident damage claim'),
(81,'2031-10-10',21000.00,'Rejected','Duplicate claim'),
(82,'2031-11-15',62000.00,'Approved','Engine and body repair'),
(83,'2031-12-05',13000.00,'Pending','Additional verification'),
(84,'2032-01-18',48000.00,'Approved','Accident repair expenses'),
(85,'2032-02-20',70000.00,'Approved','Vehicle replacement claim'),
(86,'2032-03-15',26000.00,'Rejected','Insufficient evidence'),
(87,'2032-04-10',34000.00,'Approved','Damage settlement'),
(88,'2032-05-12',58000.00,'Pending','Insurance survey pending'),
(89,'2032-06-18',24000.00,'Approved','Minor accident claim'),
(90,'2032-07-20',68000.00,'Approved','Major accident repair'),
(91,'2032-08-15',32000.00,'Pending','Claim under review'),
(92,'2032-09-10',19000.00,'Rejected','Coverage not available'),
(93,'2032-10-22',41000.00,'Approved','Vehicle repair claim'),
(94,'2032-11-18',53000.00,'Approved','Accident settlement'),
(95,'2032-12-12',15000.00,'Pending','Document checking'),
(96,'2033-01-08',60000.00,'Approved','Full damage repair'),
(97,'2033-02-15',28000.00,'Rejected','Late submission'),
(98,'2033-03-20',47000.00,'Approved','Collision claim'),
(99,'2033-04-10',35000.00,'Pending','Final approval waiting'),
(100,'2033-05-15',80000.00,'Approved','Complete vehicle damage claim');

INSERT INTO agent
(agent_name, phone, email, branch)
VALUES
('Ravi Kumar','9000000001','ravi.kumar001@gmail.com','Chennai'),
('Priya Sharma','9000000002','priya.sharma002@gmail.com','Coimbatore'),
('Arun Raj','9000000003','arun.raj003@gmail.com','Madurai'),
('Sneha Reddy','9000000004','sneha.reddy004@gmail.com','Salem'),
('Karthik Vel','9000000005','karthik.vel005@gmail.com','Trichy'),
('Divya Nair','9000000006','divya.nair006@gmail.com','Erode'),
('Vijay Singh','9000000007','vijay.singh007@gmail.com','Vellore'),
('Anjali Patel','9000000008','anjali.patel008@gmail.com','Tirunelveli'),
('Suresh Babu','9000000009','suresh.babu009@gmail.com','Thoothukudi'),
('Meena Krishnan','9000000010','meena.krishnan010@gmail.com','Kanchipuram'),
('Ajith Kumar','9000000011','ajith.kumar011@gmail.com','Chennai'),
('Pooja Gupta','9000000012','pooja.gupta012@gmail.com','Karur'),
('Manoj Das','9000000013','manoj.das013@gmail.com','Namakkal'),
('Keerthi Iyer','9000000014','keerthi.iyer014@gmail.com','Cuddalore'),
('Harish Menon','9000000015','harish.menon015@gmail.com','Dindigul'),
('Nisha Joseph','9000000016','nisha.joseph016@gmail.com','Sivakasi'),
('Ramesh Pillai','9000000017','ramesh.pillai017@gmail.com','Virudhunagar'),
('Lakshmi Devi','9000000018','lakshmi.devi018@gmail.com','Thanjavur'),
('Gokul Prasad','9000000019','gokul.prasad019@gmail.com','Mayiladuthurai'),
('Bhavya Rao','9000000020','bhavya.rao020@gmail.com','Chengalpattu'),
('Sanjay Mohan','9000000021','sanjay.mohan021@gmail.com','Tiruppur'),
('Deepa Rani','9000000022','deepa.rani022@gmail.com','Hosur'),
('Prakash Yadav','9000000023','prakash.yadav023@gmail.com','Pollachi'),
('Kavitha Selvi','9000000024','kavitha.selvi024@gmail.com','Dharmapuri'),
('Saravanan Murthy','9000000025','saravanan.murthy025@gmail.com','Perambalur'),
('Revathi Kannan','9000000026','revathi.kannan026@gmail.com','Ariyalur'),
('Madhan Ravi','9000000027','madhan.ravi027@gmail.com','Pudukottai'),
('Swathi Mishra','9000000028','swathi.mishra028@gmail.com','Ranipet'),
('Dinesh Chandra','9000000029','dinesh.chandra029@gmail.com','Tenkasi'),
('Aarthi Balan','9000000030','aarthi.balan030@gmail.com','Kanyakumari'),
('Naveen Kumar','9000000031','naveen.kumar031@gmail.com','Chennai'),
('Shalini Sundar','9000000032','shalini.sundar032@gmail.com','Coimbatore'),
('Lokesh Nath','9000000033','lokesh.nath033@gmail.com','Madurai'),
('Gayathri Ravi','9000000034','gayathri.ravi034@gmail.com','Salem'),
('Ashok Kannan','9000000035','ashok.kannan035@gmail.com','Trichy'),
('Pavithra Mohan','9000000036','pavithra.mohan036@gmail.com','Erode'),
('Senthil Raj','9000000037','senthil.raj037@gmail.com','Vellore'),
('Uma Lakshmi','9000000038','uma.lakshmi038@gmail.com','Tirunelveli'),
('Balaji Subramani','9000000039','balaji.subramani039@gmail.com','Karur'),
('Anu Priya','9000000040','anu.priya040@gmail.com','Namakkal'),
('Rohit Joshi','9000000041','rohit.joshi041@gmail.com','Cuddalore'),
('Monika Sinha','9000000042','monika.sinha042@gmail.com','Dindigul'),
('Vinoth Baskar','9000000043','vinoth.baskar043@gmail.com','Thanjavur'),
('Sowmya Raj','9000000044','sowmya.raj044@gmail.com','Tiruppur'),
('Kiran Dev','9000000045','kiran.dev045@gmail.com','Hosur'),
('Preethi Anand','9000000046','preethi.anand046@gmail.com','Pollachi'),
('Aravind Krishna','9000000047','aravind.krishna047@gmail.com','Dharmapuri'),
('Ritika Mohan','9000000048','ritika.mohan048@gmail.com','Ranipet'),
('Vignesh Suresh','9000000049','vignesh.suresh049@gmail.com','Tenkasi'),
('Harini Babu','9000000050','harini.babu050@gmail.com','Kanyakumari'),
('Arjun Natarajan','9000000051','arjun.natarajan051@gmail.com','Chennai'),
('Aishwarya Ramesh','9000000052','aishwarya.ramesh052@gmail.com','Coimbatore'),
('Bharath Kumar','9000000053','bharath.kumar053@gmail.com','Madurai'),
('Chitra Lakshmi','9000000054','chitra.lakshmi054@gmail.com','Salem'),
('Dharani Prakash','9000000055','dharani.prakash055@gmail.com','Trichy'),
('Eswar Rajendran','9000000056','eswar.rajendran056@gmail.com','Erode'),
('Farhana Begum','9000000057','farhana.begum057@gmail.com','Vellore'),
('Ganesh Balan','9000000058','ganesh.balan058@gmail.com','Tirunelveli'),
('Hemalatha Sankar','9000000059','hemalatha.sankar059@gmail.com','Thoothukudi'),
('Ilango Perumal','9000000060','ilango.perumal060@gmail.com','Kanchipuram'),
('Janani Murugan','9000000061','janani.murugan061@gmail.com','Karur'),
('Kishore Selvam','9000000062','kishore.selvam062@gmail.com','Namakkal'),
('Lavanya Anand','9000000063','lavanya.anand063@gmail.com','Cuddalore'),
('Mohan Ravi','9000000064','mohan.ravi064@gmail.com','Dindigul'),
('Nandhini Karthik','9000000065','nandhini.karthik065@gmail.com','Sivakasi'),
('Omprakash Velu','9000000066','omprakash.velu066@gmail.com','Virudhunagar'),
('Pavithra Suresh','9000000067','pavithra.suresh067@gmail.com','Thanjavur'),
('Qadir Ahmed','9000000068','qadir.ahmed068@gmail.com','Mayiladuthurai'),
('Ragul Mohan','9000000069','ragul.mohan069@gmail.com','Chengalpattu'),
('Sharmila Devi','9000000070','sharmila.devi070@gmail.com','Tiruppur'),
('Tamilselvan R','9000000071','tamilselvan071@gmail.com','Hosur'),
('Usha Priya','9000000072','usha.priya072@gmail.com','Pollachi'),
('Varun Krishna','9000000073','varun.krishna073@gmail.com','Dharmapuri'),
('Yamini Raj','9000000074','yamini.raj074@gmail.com','Perambalur'),
('Zakir Hussain','9000000075','zakir.hussain075@gmail.com','Ariyalur'),
('Abinaya K','9000000076','abinaya076@gmail.com','Pudukottai'),
('Bhuvan Narayanan','9000000077','bhuvan.narayanan077@gmail.com','Ranipet'),
('Charanya V','9000000078','charanya078@gmail.com','Tenkasi'),
('Deepak M','9000000079','deepak079@gmail.com','Kanyakumari'),
('Elakkiya S','9000000080','elakkiya080@gmail.com','Chennai'),
('Felix Joseph','9000000081','felix.joseph081@gmail.com','Coimbatore'),
('Geetha R','9000000082','geetha082@gmail.com','Madurai'),
('Hari Prasad','9000000083','hari.prasad083@gmail.com','Salem'),
('Indhu M','9000000084','indhu084@gmail.com','Trichy'),
('Jagan K','9000000085','jagan085@gmail.com','Erode'),
('Keerthana R','9000000086','keerthana086@gmail.com','Vellore'),
('Logesh P','9000000087','logesh087@gmail.com','Nagapattinam'),
('Madhumitha R','9000000088','madhumitha088@gmail.com','Cuddalore'),
('Naveenkumar S','9000000089','naveenkumar089@gmail.com','Thanjavur'),
('Oviya K','9000000090','oviya090@gmail.com','Tirunelveli'),
('Pradeep V','9000000091','pradeep091@gmail.com','Chennai'),
('Ranjani S','9000000092','ranjani092@gmail.com','Coimbatore'),
('Sathish R','9000000093','sathish093@gmail.com','Madurai'),
('Thenmozhi M','9000000094','thenmozhi094@gmail.com','Salem'),
('Udhay Kumar','9000000095','udhay.kumar095@gmail.com','Trichy'),
('Vaishnavi R','9000000096','vaishnavi096@gmail.com','Erode'),
('Yogesh Babu','9000000097','yogesh.babu097@gmail.com','Vellore'),
('Anitha S','9000000098','anitha098@gmail.com','Karur'),
('Balamurugan R','9000000099','balamurugan099@gmail.com','Namakkal'),
('Chandrika P','9000000100','chandrika100@gmail.com','Dindigul');

select * from customer;





